{
  "active": true,
  "after_completion": {
    "hosted_confirmation": null,
    "redirect": {
      "url": "https://ecomm-ui-kappa.vercel.app"
    },
    "type": "redirect"
  },
  "allow_promotion_codes": false,
  "application": null,
  "application_fee_amount": null,
  "application_fee_percent": null,
  "automatic_tax": {
    "enabled": false
  },
  "billing_address_collection": "auto",
  "consent_collection": null,
  "currency": "cad",
  "custom_fields": [],
  "custom_text": {
    "shipping_address": null,
    "submit": null,
    "terms_of_service_acceptance": null
  },
  "customer_creation": "if_required",
  "id": "plink_1OiJNNBRoiMqV5F6McoGqYMl",
  "invoice_creation": {
    "enabled": false,
    "invoice_data": {
      "account_tax_ids": null,
      "custom_fields": null,
      "description": null,
      "footer": null,
      "metadata": {},
      "rendering_options": null
    }
  },
  "line_items": null,
  "livemode": false,
  "metadata": {},
  "object": "payment_link",
  "on_behalf_of": null,
  "payment_intent_data": null,
  "payment_method_collection": "if_required",
  "payment_method_types": null,
  "phone_number_collection": {
    "enabled": false
  },
  "shipping_address_collection": null,
  "shipping_options": [],
  "submit_type": "auto",
  "subscription_data": null,
  "tax_id_collection": {
    "enabled": false
  },
  "transfer_data": null,
  "url": "https://buy.stripe.com/test_5kAg30aFYgSG7oQdQZ"
}